receiptId,accountId,assetId,date
1,1,1,2023-03-20
2,2,2,2024-01-26
3,3,3,2023-11-21
4,4,4,2023-06-16
5,5,5,2023-09-30
6,6,6,2023-08-18
7,7,7,2023-06-09
8,8,8,2023-05-27
9,9,9,2023-05-30
10,10,10,2024-02-28
11,1,11,2024-02-02
12,2,12,2023-08-20
13,3,13,2023-05-09
14,4,14,2023-06-29
15,5,15,2023-05-16
16,6,16,2023-11-15
17,7,17,2024-02-09
18,8,18,2023-07-19
19,9,19,2023-11-14
20,10,20,2023-12-03
21,1,21,2023-04-05
22,2,22,2024-01-04
23,3,23,2023-12-30
24,4,24,2023-05-17
25,5,25,2024-01-24
26,6,26,2023-11-16
27,7,27,2023-09-26
28,8,28,2023-06-09
29,9,29,2024-01-16
30,10,30,2023-05-28
31,1,31,2023-06-17
32,2,32,2023-12-02
33,3,33,2024-01-12
34,4,34,2024-01-16
35,5,35,2023-03-15
36,6,36,2023-11-17
37,7,37,2023-08-13
38,8,38,2024-02-27
39,9,39,2024-02-05
40,10,40,2023-07-12
41,1,41,2024-01-04
42,2,42,2023-04-30
43,3,43,2023-03-11
44,4,44,2024-01-16
45,5,45,2023-05-02
46,6,46,2023-11-23
47,7,47,2023-07-17
48,8,48,2023-09-20
49,9,49,2023-08-27
50,10,50,2023-09-18
51,1,51,2023-04-10
52,2,52,2023-05-05
53,3,53,2023-10-19
54,4,54,2023-08-11
55,5,55,2023-04-04
56,6,56,2023-07-07
57,7,57,2024-02-19
58,8,58,2023-08-12
59,9,59,2023-08-07
60,10,60,2023-09-28
61,1,61,2023-07-31
62,2,62,2023-10-24
63,3,63,2024-02-25
64,4,64,2023-12-25
65,5,65,2023-07-29
66,6,66,2024-01-21
67,7,67,2023-10-25
68,8,68,2023-11-20
69,9,69,2023-03-05
70,10,70,2023-05-20
71,1,71,2023-04-15
72,2,72,2024-01-25
73,3,73,2023-12-12
74,4,74,2023-08-09
75,5,75,2023-08-01
76,6,76,2023-09-12
77,7,77,2023-08-06
78,8,78,2023-05-04
79,9,79,2023-04-06
80,10,80,2023-09-09
81,1,81,2023-03-05
82,2,82,2023-12-16
83,3,83,2024-03-01
84,4,84,2023-12-03
85,5,85,2023-04-30
86,6,86,2023-05-15
87,7,87,2023-12-15
88,8,88,2023-12-23
89,9,89,2023-07-23
90,10,90,2023-04-02
91,1,91,2023-04-03
92,2,92,2023-04-28
93,3,93,2023-11-01
94,4,94,2023-09-15
95,5,95,2023-07-11
96,6,96,2023-05-06
97,7,97,2023-09-06
98,8,98,2024-02-07
99,9,99,2023-11-16
100,10,100,2023-04-06
101,1,101,2024-01-14
102,2,102,2023-04-29
103,3,103,2023-11-11
104,4,104,2023-06-21
105,5,105,2024-02-19
106,6,106,2023-09-10
107,7,107,2023-05-04
108,8,108,2023-11-25
109,9,109,2024-01-10
110,10,110,2023-12-21
111,1,111,2024-01-25
112,2,112,2023-03-16
113,3,113,2023-03-12
114,4,114,2023-10-17
115,5,115,2023-06-03
116,6,116,2023-03-05
117,7,117,2023-05-26
118,8,118,2023-10-05
119,9,119,2023-06-18
120,10,120,2023-06-17
121,1,121,2023-07-06
122,2,122,2023-05-26
123,3,123,2023-10-29
124,4,124,2023-12-11
125,5,125,2023-05-06
126,6,126,2023-03-25
127,7,127,2024-02-25
128,8,128,2023-11-16
129,9,129,2023-07-12
130,10,130,2023-12-20
131,1,131,2023-07-24
132,2,132,2023-07-07
133,3,133,2023-03-04
134,4,134,2023-11-09
135,5,135,2023-04-23
136,6,136,2023-08-01
137,7,137,2023-09-16
138,8,138,2024-01-16
139,9,139,2023-05-01
140,10,140,2023-10-15
141,1,141,2023-07-18
142,2,142,2023-10-02
143,3,143,2023-09-03
144,4,144,2023-08-04
145,5,145,2023-03-20
146,6,146,2023-08-30
147,7,147,2023-03-30
148,8,148,2023-05-30
149,9,149,2023-06-21
150,10,150,2023-05-08
151,1,151,2023-03-22
152,2,152,2023-04-03
153,3,153,2023-09-05
154,4,154,2023-08-21
155,5,155,2023-05-28
156,6,156,2023-12-30
157,7,157,2023-11-02
158,8,158,2024-02-10
159,9,159,2023-07-19
160,10,160,2023-04-13
161,1,161,2023-10-09
162,2,162,2023-09-12
163,3,163,2024-01-07
164,4,164,2023-08-26
165,5,165,2023-09-29
166,6,166,2023-03-25
167,7,167,2023-05-23
168,8,168,2023-04-19
169,9,169,2023-10-14
170,10,170,2023-09-11
171,1,171,2023-09-23
172,2,172,2023-03-19
173,3,173,2023-06-06
174,4,174,2023-12-14
175,5,175,2023-10-04
176,6,176,2023-03-05
177,7,177,2023-03-30
178,8,178,2023-11-24
179,9,179,2023-03-08
180,10,180,2023-12-03
181,1,181,2023-06-24
182,2,182,2023-09-12
183,3,183,2023-10-20
184,4,184,2023-06-18
185,5,185,2023-09-03
186,6,186,2023-08-31
187,7,187,2023-07-06
188,8,188,2023-03-23
189,9,189,2023-05-08
190,10,190,2023-06-16
191,1,191,2023-09-14
192,2,192,2024-01-30
193,3,193,2023-06-01
194,4,194,2023-05-01
195,5,195,2023-04-16
196,6,196,2023-09-27
197,7,197,2023-09-30
198,8,198,2023-12-13
199,9,199,2024-02-14
200,10,200,2024-02-04
201,1,201,2023-03-14
202,2,202,2023-11-12
203,3,203,2023-06-11
204,4,204,2023-06-18
205,5,205,2023-11-17
206,6,206,2023-06-06
207,7,207,2023-07-09
208,8,208,2024-01-12
209,9,209,2023-07-11
210,10,210,2023-03-31
211,1,211,2024-01-25
212,2,212,2024-02-27
213,3,213,2023-05-15
214,4,214,2023-11-28
215,5,215,2023-09-08
216,6,216,2023-05-13
217,7,217,2023-05-15
218,8,218,2023-10-28
219,9,219,2024-02-04
220,10,220,2023-07-09
221,1,221,2023-11-15
222,2,222,2023-05-30
223,3,223,2023-04-04
224,4,224,2023-09-01
225,5,225,2023-05-05
226,6,226,2023-11-29
227,7,227,2023-05-17
228,8,228,2024-02-29
229,9,229,2023-09-28
230,10,230,2023-08-09
231,1,231,2023-08-20
232,2,232,2023-12-24
233,3,233,2023-07-06
234,4,234,2023-03-21
235,5,235,2023-05-11
236,6,236,2023-04-26
237,7,237,2023-11-28
238,8,238,2023-10-19
239,9,239,2023-12-20
240,10,240,2023-03-22
241,1,241,2024-02-11
242,2,242,2023-08-14
243,3,243,2023-03-05
244,4,244,2023-06-27
245,5,245,2023-11-03
246,6,246,2023-08-11
247,7,247,2023-09-20
248,8,248,2023-07-21
249,9,249,2023-03-16
250,10,250,2023-05-31
251,1,251,2023-12-21
252,2,252,2023-12-02
253,3,253,2023-08-18
254,4,254,2023-10-12
255,5,255,2023-08-29
256,6,256,2023-11-08
257,7,257,2024-01-01
258,8,258,2024-02-19
259,9,259,2023-07-18
260,10,260,2023-10-31
261,1,261,2023-11-20
262,2,262,2023-11-09
263,3,263,2024-01-18
264,4,264,2023-12-28
265,5,265,2023-11-26
266,6,266,2023-05-04
267,7,267,2023-12-08
268,8,268,2023-04-06
269,9,269,2024-02-12
270,10,270,2023-11-12
271,1,271,2023-05-03
272,2,272,2023-10-30
273,3,273,2023-08-05
274,4,274,2023-08-16
275,5,275,2023-05-17
276,6,276,2023-09-30
277,7,277,2024-01-06
278,8,278,2023-07-14
279,9,279,2023-10-01
280,10,280,2024-02-01
281,1,281,2023-10-26
282,2,282,2023-12-06
283,3,283,2023-12-11
284,4,284,2023-08-23
285,5,285,2023-08-11
286,6,286,2023-11-18
287,7,287,2023-04-16
288,8,288,2023-08-01
289,9,289,2023-06-03
290,10,290,2023-09-29
291,1,291,2023-12-01
292,2,292,2023-11-18
293,3,293,2023-07-30
294,4,294,2023-11-25
295,5,295,2023-09-20
296,6,296,2024-01-20
297,7,297,2024-01-28
298,8,298,2023-10-21
299,9,299,2023-12-20
300,10,300,2023-10-18
301,1,301,2023-05-12
302,2,302,2023-09-21
303,3,303,2023-06-19
304,4,304,2024-01-07
305,5,305,2023-09-15
306,6,306,2023-08-17
307,7,307,2023-05-29
308,8,308,2023-04-06
309,9,309,2023-04-09
310,10,310,2023-11-23
311,1,311,2023-06-06
312,2,312,2023-07-03
313,3,313,2023-10-13
314,4,314,2023-11-21
315,5,315,2023-10-12
316,6,316,2023-09-21
317,7,317,2023-06-22
318,8,318,2023-12-03
319,9,319,2023-10-30
320,10,320,2023-08-28
321,1,321,2023-11-25
322,2,322,2023-12-14
323,3,323,2023-11-21
324,4,324,2023-08-27
325,5,325,2023-08-02
326,6,326,2023-09-18
327,7,327,2023-10-03
328,8,328,2023-04-08
329,9,329,2023-08-14
330,10,330,2023-03-24
331,1,331,2023-08-28
332,2,332,2024-02-03
333,3,333,2024-02-18
334,4,334,2023-11-21
335,5,335,2023-05-09
336,6,336,2024-01-09
337,7,337,2023-06-02
338,8,338,2023-03-07
339,9,339,2023-09-14
340,10,340,2023-11-04
341,1,341,2023-10-24
342,2,342,2024-02-04
343,3,343,2023-05-26
344,4,344,2023-06-17
345,5,345,2023-05-05
346,6,346,2023-05-07
347,7,347,2023-03-29
348,8,348,2024-02-11
349,9,349,2023-06-02
350,10,350,2023-09-12
351,1,351,2023-07-10
352,2,352,2023-11-28
353,3,353,2023-07-21
354,4,354,2023-11-21
355,5,355,2024-01-04
356,6,356,2023-09-25
357,7,357,2023-04-21
358,8,358,2023-05-09
359,9,359,2024-01-31
360,10,360,2023-10-16
361,1,361,2023-08-17
362,2,362,2023-11-14
363,3,363,2023-05-15
364,4,364,2024-02-04
365,5,365,2023-09-07
366,6,366,2023-05-30
367,7,367,2024-01-06
368,8,368,2023-08-05
369,9,369,2024-01-09
370,10,370,2023-04-08
371,1,371,2024-01-05
372,2,372,2023-12-09
373,3,373,2023-04-03
374,4,374,2023-08-23
375,5,375,2023-03-17
376,6,376,2023-04-30
377,7,377,2023-04-24
378,8,378,2023-06-01
379,9,379,2023-05-14
380,10,380,2023-07-02
381,1,381,2023-07-13
382,2,382,2023-07-23
383,3,383,2023-07-20
384,4,384,2023-10-16
385,5,385,2023-07-19
386,6,386,2023-08-10
387,7,387,2023-09-29
388,8,388,2023-05-08
389,9,389,2023-11-09
390,10,390,2023-08-22
391,1,391,2024-01-28
392,2,392,2024-02-03
393,3,393,2023-06-21
394,4,394,2023-09-08
395,5,395,2023-10-12
396,6,396,2023-05-29
397,7,397,2023-09-08
398,8,398,2024-02-09
399,9,399,2023-07-10
400,10,400,2023-08-16
401,1,401,2024-02-01
402,2,402,2023-08-06
403,3,403,2024-02-17
404,4,404,2023-07-14
405,5,405,2023-05-23
406,6,406,2023-12-10
407,7,407,2023-09-01
408,8,408,2023-07-06
409,9,409,2024-01-18
410,10,410,2023-09-07
411,1,411,2023-03-09
412,2,412,2023-03-08
413,3,413,2023-04-03
414,4,414,2023-07-01
415,5,415,2023-03-09
416,6,416,2023-11-26
417,7,417,2024-01-04
418,8,418,2023-08-27
419,9,419,2023-07-09
420,10,420,2023-08-16
421,1,421,2023-11-25
422,2,422,2023-06-02
423,3,423,2023-06-28
424,4,424,2023-06-04
425,5,425,2023-07-06
426,6,426,2023-03-26
427,7,427,2024-01-20
428,8,428,2023-04-25
429,9,429,2024-02-29
430,10,430,2023-09-04
431,1,431,2023-08-18
432,2,432,2024-01-08
433,3,433,2023-06-03
434,4,434,2023-03-08
435,5,435,2023-04-05
436,6,436,2023-07-17
437,7,437,2023-06-17
438,8,438,2023-11-21
439,9,439,2023-04-06
440,10,440,2023-03-03
441,1,441,2023-09-24
442,2,442,2023-04-14
443,3,443,2023-07-18
444,4,444,2024-01-10
445,5,445,2023-03-02
446,6,446,2023-10-11
447,7,447,2023-08-17
448,8,448,2023-04-09
449,9,449,2023-09-16
450,10,450,2023-06-06
451,1,451,2024-02-15
452,2,452,2023-11-09
453,3,453,2023-09-07
454,4,454,2023-03-02
455,5,455,2024-02-26
456,6,456,2023-03-08
457,7,457,2023-09-22
458,8,458,2023-11-15
459,9,459,2023-11-13
460,10,460,2023-10-05
461,1,461,2023-06-20
462,2,462,2023-06-29
463,3,463,2023-07-06
464,4,464,2023-12-23
465,5,465,2023-09-16
466,6,466,2023-07-12
467,7,467,2023-06-26
468,8,468,2024-03-01
469,9,469,2023-08-29
470,10,470,2023-07-18
471,1,471,2023-07-24
472,2,472,2023-06-06
473,3,473,2023-04-10
474,4,474,2024-02-02
475,5,475,2023-03-04
476,6,476,2023-06-08
477,7,477,2023-11-15
478,8,478,2023-04-20
479,9,479,2023-08-28
480,10,480,2023-03-02
481,1,481,2024-01-08
482,2,482,2023-05-22
483,3,483,2024-02-20
484,4,484,2024-02-06
485,5,485,2023-07-08
486,6,486,2023-09-19
487,7,487,2023-08-19
488,8,488,2023-07-03
489,9,489,2023-11-01
490,10,490,2023-04-25
491,1,491,2023-12-10
492,2,492,2023-04-20
493,3,493,2024-01-05
494,4,494,2023-09-28
495,5,495,2023-11-30
496,6,496,2024-02-12
497,7,497,2023-07-18
498,8,498,2024-01-17
499,9,499,2024-01-08
500,10,500,2024-01-14
501,1,1,2023-10-17
502,2,2,2023-09-01
503,3,3,2023-09-14
504,4,4,2024-01-25
505,5,5,2023-04-23
506,6,6,2023-12-16
507,7,7,2023-09-05
508,8,8,2023-03-20
509,9,9,2023-04-07
510,10,10,2023-12-27
511,1,11,2023-05-11
512,2,12,2023-11-19
513,3,13,2024-02-19
514,4,14,2023-03-10
515,5,15,2023-11-08
516,6,16,2023-08-09
517,7,17,2023-07-28
518,8,18,2024-02-27
519,9,19,2023-10-27
520,10,20,2023-06-26
521,1,21,2023-03-07
522,2,22,2023-04-08
523,3,23,2023-11-07
524,4,24,2024-02-13
525,5,25,2023-12-05
526,6,26,2024-02-18
527,7,27,2023-12-11
528,8,28,2024-02-06
529,9,29,2024-02-21
530,10,30,2023-04-28
531,1,31,2023-12-09
532,2,32,2023-10-26
533,3,33,2023-07-16
534,4,34,2023-08-28
535,5,35,2024-01-06
536,6,36,2024-01-17
537,7,37,2024-01-02
538,8,38,2023-08-31
539,9,39,2023-07-05
540,10,40,2024-02-17
541,1,41,2023-06-26
542,2,42,2023-05-26
543,3,43,2023-11-06
544,4,44,2023-05-16
545,5,45,2023-06-25
546,6,46,2023-04-19
547,7,47,2023-06-08
548,8,48,2023-03-31
549,9,49,2024-01-27
550,10,50,2024-01-07
551,1,51,2023-12-03
552,2,52,2023-11-10
553,3,53,2023-12-08
554,4,54,2023-09-26
555,5,55,2023-05-06
556,6,56,2023-12-09
557,7,57,2023-10-19
558,8,58,2023-07-30
559,9,59,2023-11-24
560,10,60,2023-04-25
561,1,61,2023-04-27
562,2,62,2023-08-25
563,3,63,2023-07-28
564,4,64,2023-03-09
565,5,65,2023-06-13
566,6,66,2024-02-03
567,7,67,2024-02-25
568,8,68,2023-12-24
569,9,69,2023-05-25
570,10,70,2023-03-16
571,1,71,2023-07-08
572,2,72,2024-01-13
573,3,73,2023-05-03
574,4,74,2024-02-18
575,5,75,2024-01-14
576,6,76,2023-11-15
577,7,77,2023-11-10
578,8,78,2023-12-26
579,9,79,2023-06-25
580,10,80,2023-09-12
581,1,81,2024-02-02
582,2,82,2024-02-20
583,3,83,2024-01-13
584,4,84,2023-11-09
585,5,85,2023-03-24
586,6,86,2023-06-14
587,7,87,2023-10-04
588,8,88,2023-05-27
589,9,89,2023-04-11
590,10,90,2023-06-27
591,1,91,2023-10-29
592,2,92,2024-02-05
593,3,93,2024-01-07
594,4,94,2023-11-11
595,5,95,2023-08-03
596,6,96,2023-06-28
597,7,97,2024-02-24
598,8,98,2023-07-15
599,9,99,2023-03-26
600,10,100,2023-06-18
601,1,101,2023-08-28
602,2,102,2023-06-26
603,3,103,2023-10-10
604,4,104,2023-11-19
605,5,105,2023-11-02
606,6,106,2023-05-23
607,7,107,2023-04-25
608,8,108,2023-06-20
609,9,109,2024-02-03
610,10,110,2023-03-13
611,1,111,2023-03-28
612,2,112,2023-06-01
613,3,113,2024-02-01
614,4,114,2024-01-12
615,5,115,2023-07-27
616,6,116,2023-08-25
617,7,117,2023-04-02
618,8,118,2023-12-11
619,9,119,2023-06-25
620,10,120,2023-05-07
621,1,121,2023-03-02
622,2,122,2023-04-02
623,3,123,2023-04-19
624,4,124,2023-12-24
625,5,125,2023-12-25
626,6,126,2023-10-14
627,7,127,2023-08-12
628,8,128,2023-03-14
629,9,129,2024-01-17
630,10,130,2023-03-30
631,1,131,2023-04-19
632,2,132,2023-12-10
633,3,133,2023-06-15
634,4,134,2023-06-03
635,5,135,2024-02-29
636,6,136,2023-04-30
637,7,137,2023-03-18
638,8,138,2023-07-16
639,9,139,2023-05-02
640,10,140,2023-10-12
641,1,141,2023-04-24
642,2,142,2023-10-23
643,3,143,2023-09-17
644,4,144,2023-08-29
645,5,145,2024-01-03
646,6,146,2024-02-02
647,7,147,2023-11-02
648,8,148,2023-09-07
649,9,149,2023-04-25
650,10,150,2023-09-21
651,1,151,2023-10-21
652,2,152,2023-09-03
653,3,153,2023-04-21
654,4,154,2023-06-20
655,5,155,2024-02-11
656,6,156,2024-02-12
657,7,157,2023-06-28
658,8,158,2024-01-31
659,9,159,2024-01-23
660,10,160,2023-10-20
661,1,161,2024-02-13
662,2,162,2023-05-06
663,3,163,2023-11-21
664,4,164,2024-02-24
665,5,165,2023-06-19
666,6,166,2023-09-30
667,7,167,2023-08-02
668,8,168,2023-07-31
669,9,169,2024-01-24
670,10,170,2023-05-11
671,1,171,2023-05-27
672,2,172,2023-04-08
673,3,173,2023-09-05
674,4,174,2023-10-21
675,5,175,2024-01-05
676,6,176,2023-08-01
677,7,177,2023-11-19
678,8,178,2023-12-02
679,9,179,2023-07-31
680,10,180,2023-05-29
681,1,181,2023-12-07
682,2,182,2023-11-28
683,3,183,2023-03-23
684,4,184,2023-11-09
685,5,185,2023-06-19
686,6,186,2023-07-09
687,7,187,2023-06-12
688,8,188,2024-02-13
689,9,189,2023-09-16
690,10,190,2023-10-19
691,1,191,2024-01-19
692,2,192,2023-09-22
693,3,193,2023-07-13
694,4,194,2023-05-23
695,5,195,2023-05-07
696,6,196,2023-08-13
697,7,197,2023-09-18
698,8,198,2023-03-17
699,9,199,2023-03-27
700,10,200,2024-01-12
701,1,201,2024-01-26
702,2,202,2023-09-21
703,3,203,2023-06-27
704,4,204,2024-02-01
705,5,205,2024-01-05
706,6,206,2024-02-23
707,7,207,2023-04-25
708,8,208,2023-07-23
709,9,209,2023-08-24
710,10,210,2023-03-16
711,1,211,2024-01-07
712,2,212,2023-03-13
713,3,213,2023-10-29
714,4,214,2023-07-06
715,5,215,2023-04-30
716,6,216,2023-12-06
717,7,217,2024-01-31
718,8,218,2024-01-10
719,9,219,2023-08-27
720,10,220,2023-12-06
721,1,221,2024-01-09
722,2,222,2023-12-27
723,3,223,2024-03-01
724,4,224,2023-07-17
725,5,225,2023-12-26
726,6,226,2023-11-26
727,7,227,2023-09-20
728,8,228,2023-04-30
729,9,229,2024-02-28
730,10,230,2023-07-19
731,1,231,2023-12-23
732,2,232,2023-10-21
733,3,233,2023-06-28
734,4,234,2023-07-01
735,5,235,2023-08-31
736,6,236,2023-05-11
737,7,237,2023-07-18
738,8,238,2023-09-24
739,9,239,2024-01-14
740,10,240,2023-06-08
741,1,241,2023-12-13
742,2,242,2023-10-26
743,3,243,2023-05-02
744,4,244,2023-09-16
745,5,245,2023-09-08
746,6,246,2024-02-25
747,7,247,2023-12-29
748,8,248,2024-01-24
749,9,249,2023-11-26
750,10,250,2023-11-20
751,1,251,2023-10-15
752,2,252,2024-02-24
753,3,253,2023-03-23
754,4,254,2023-12-26
755,5,255,2023-08-25
756,6,256,2023-09-07
757,7,257,2024-01-22
758,8,258,2023-08-11
759,9,259,2023-09-28
760,10,260,2023-11-29
761,1,261,2023-09-12
762,2,262,2023-10-11
763,3,263,2023-08-05
764,4,264,2024-02-22
765,5,265,2024-02-06
766,6,266,2023-08-28
767,7,267,2023-09-15
768,8,268,2023-12-17
769,9,269,2023-12-31
770,10,270,2023-08-22
771,1,271,2023-04-22
772,2,272,2024-02-23
773,3,273,2023-07-19
774,4,274,2023-11-18
775,5,275,2024-01-10
776,6,276,2023-05-27
777,7,277,2023-03-29
778,8,278,2023-09-28
779,9,279,2023-10-01
780,10,280,2023-12-05
781,1,281,2023-03-09
782,2,282,2023-08-17
783,3,283,2023-07-10
784,4,284,2024-01-28
785,5,285,2023-08-28
786,6,286,2023-07-12
787,7,287,2023-12-11
788,8,288,2023-08-30
789,9,289,2023-03-28
790,10,290,2023-11-12
791,1,291,2023-10-26
792,2,292,2024-02-12
793,3,293,2023-11-04
794,4,294,2023-09-29
795,5,295,2023-08-15
796,6,296,2023-03-27
797,7,297,2023-07-29
798,8,298,2023-06-07
799,9,299,2023-12-18
800,10,300,2023-09-09
801,1,301,2023-06-04
802,2,302,2023-05-01
803,3,303,2023-03-07
804,4,304,2023-12-30
805,5,305,2023-03-28
806,6,306,2023-09-12
807,7,307,2024-02-23
808,8,308,2023-10-16
809,9,309,2023-11-07
810,10,310,2023-07-28
811,1,311,2023-08-07
812,2,312,2023-09-18
813,3,313,2023-11-07
814,4,314,2023-08-15
815,5,315,2023-10-19
816,6,316,2023-10-17
817,7,317,2023-03-20
818,8,318,2023-08-08
819,9,319,2023-12-23
820,10,320,2023-08-16
821,1,321,2023-11-10
822,2,322,2023-09-22
823,3,323,2023-04-30
824,4,324,2024-02-25
825,5,325,2023-06-08
826,6,326,2024-01-20
827,7,327,2023-09-03
828,8,328,2023-06-15
829,9,329,2024-02-23
830,10,330,2023-07-18
831,1,331,2023-08-18
832,2,332,2023-07-14
833,3,333,2023-11-04
834,4,334,2023-07-13
835,5,335,2023-12-02
836,6,336,2023-11-04
837,7,337,2023-08-24
838,8,338,2023-11-02
839,9,339,2024-01-05
840,10,340,2023-08-11
841,1,341,2023-08-01
842,2,342,2023-09-13
843,3,343,2024-01-15
844,4,344,2023-07-19
845,5,345,2023-08-17
846,6,346,2023-07-21
847,7,347,2023-12-12
848,8,348,2023-09-01
849,9,349,2023-11-06
850,10,350,2023-11-28
851,1,351,2023-11-09
852,2,352,2023-04-11
853,3,353,2023-12-13
854,4,354,2023-04-05
855,5,355,2023-05-29
856,6,356,2023-03-17
857,7,357,2023-06-01
858,8,358,2023-07-12
859,9,359,2023-11-22
860,10,360,2023-03-10
861,1,361,2024-02-14
862,2,362,2023-09-01
863,3,363,2024-01-01
864,4,364,2023-08-11
865,5,365,2023-03-14
866,6,366,2023-10-20
867,7,367,2023-12-13
868,8,368,2024-02-24
869,9,369,2023-08-25
870,10,370,2023-05-28
871,1,371,2023-04-20
872,2,372,2023-09-02
873,3,373,2024-02-20
874,4,374,2023-07-20
875,5,375,2023-09-21
876,6,376,2023-04-16
877,7,377,2024-02-12
878,8,378,2023-07-05
879,9,379,2023-10-01
880,10,380,2023-09-01
881,1,381,2023-07-14
882,2,382,2024-02-14
883,3,383,2023-08-12
884,4,384,2023-04-23
885,5,385,2023-07-27
886,6,386,2024-01-10
887,7,387,2023-09-02
888,8,388,2023-07-28
889,9,389,2023-04-29
890,10,390,2023-07-16
891,1,391,2023-07-17
892,2,392,2024-01-16
893,3,393,2023-04-17
894,4,394,2024-02-17
895,5,395,2023-10-12
896,6,396,2023-06-23
897,7,397,2023-03-03
898,8,398,2023-03-12
899,9,399,2024-02-07
900,10,400,2023-06-17
901,1,401,2023-03-04
902,2,402,2023-09-05
903,3,403,2023-07-13
904,4,404,2023-11-18
905,5,405,2023-10-14
906,6,406,2023-05-14
907,7,407,2023-06-15
908,8,408,2023-07-28
909,9,409,2023-12-06
910,10,410,2024-01-03
911,1,411,2023-06-14
912,2,412,2023-06-04
913,3,413,2023-12-29
914,4,414,2023-03-06
915,5,415,2023-11-29
916,6,416,2023-03-13
917,7,417,2023-09-10
918,8,418,2023-05-13
919,9,419,2023-09-30
920,10,420,2023-07-04
921,1,421,2023-04-06
922,2,422,2023-03-10
923,3,423,2023-04-04
924,4,424,2024-01-09
925,5,425,2023-05-17
926,6,426,2023-10-01
927,7,427,2023-09-12
928,8,428,2023-05-24
929,9,429,2023-04-18
930,10,430,2023-09-24
931,1,431,2023-10-19
932,2,432,2024-03-01
933,3,433,2023-04-12
934,4,434,2023-07-27
935,5,435,2023-06-29
936,6,436,2023-12-11
937,7,437,2024-01-14
938,8,438,2023-09-07
939,9,439,2023-10-15
940,10,440,2023-11-23
941,1,441,2023-04-22
942,2,442,2023-04-23
943,3,443,2023-08-26
944,4,444,2023-08-05
945,5,445,2023-06-24
946,6,446,2023-11-30
947,7,447,2023-04-23
948,8,448,2023-06-30
949,9,449,2023-03-30
950,10,450,2023-10-16
951,1,451,2023-08-05
952,2,452,2023-04-08
953,3,453,2023-11-27
954,4,454,2023-09-09
955,5,455,2023-05-12
956,6,456,2024-02-29
957,7,457,2024-02-13
958,8,458,2024-02-12
959,9,459,2023-04-19
960,10,460,2023-07-06
961,1,461,2023-12-12
962,2,462,2023-04-23
963,3,463,2023-09-29
964,4,464,2023-03-28
965,5,465,2023-10-05
966,6,466,2023-05-16
967,7,467,2024-01-08
968,8,468,2023-12-14
969,9,469,2023-11-30
970,10,470,2023-09-03
971,1,471,2023-06-19
972,2,472,2023-06-25
973,3,473,2023-09-04
974,4,474,2023-10-18
975,5,475,2023-06-10
976,6,476,2023-09-18
977,7,477,2023-11-09
978,8,478,2023-06-24
979,9,479,2024-02-02
980,10,480,2024-01-28
981,1,481,2023-09-18
982,2,482,2023-10-08
983,3,483,2023-11-05
984,4,484,2024-01-25
985,5,485,2023-08-22
986,6,486,2023-10-11
987,7,487,2023-04-29
988,8,488,2024-02-14
989,9,489,2024-02-11
990,10,490,2023-07-23
991,1,491,2023-04-14
992,2,492,2023-05-23
993,3,493,2024-01-27
994,4,494,2023-07-30
995,5,495,2023-09-22
996,6,496,2023-12-17
997,7,497,2023-11-13
998,8,498,2023-03-05
999,9,499,2023-11-15
1000,10,500,2024-02-26
